system:index,class,year,.geo
0_0,1,2024,"{""type"":""Point"",""coordinates"":[116.07126700373662,-8.553433923172792]}"
0_1,1,2024,"{""type"":""Point"",""coordinates"":[116.07658850642217,-8.55750795149972]}"
0_2,1,2024,"{""type"":""Point"",""coordinates"":[116.077103490553,-8.561242439173537]}"
0_3,1,2024,"{""type"":""Point"",""coordinates"":[116.08070837946903,-8.560054197069531]}"
0_4,1,2024,"{""type"":""Point"",""coordinates"":[116.0812233635999,-8.560563444139756]}"
0_5,1,2024,"{""type"":""Point"",""coordinates"":[116.09117972346317,-8.559035700885225]}"
0_6,1,2024,"{""type"":""Point"",""coordinates"":[116.0947846123792,-8.557507951499717]}"
0_7,1,2024,"{""type"":""Point"",""coordinates"":[116.09512793513309,-8.558865951256253]}"
0_8,1,2024,"{""type"":""Point"",""coordinates"":[116.09924780817997,-8.557847451892954]}"
0_9,1,2024,"{""type"":""Point"",""coordinates"":[116.10405432673464,-8.557338201189586]}"
0_10,1,2024,"{""type"":""Point"",""coordinates"":[116.10628592463507,-8.55665919919231]}"
0_11,1,2024,"{""type"":""Point"",""coordinates"":[116.102852697096,-8.558526451771229]}"
0_12,1,2024,"{""type"":""Point"",""coordinates"":[116.0973595330335,-8.558696201551584]}"
0_13,1,2024,"{""type"":""Point"",""coordinates"":[116.10559927912725,-8.55852645177123]}"
0_14,1,2024,"{""type"":""Point"",""coordinates"":[116.11315237971318,-8.570069264344902]}"
0_15,1,2024,"{""type"":""Point"",""coordinates"":[116.1153839776136,-8.568202068410656]}"
0_16,1,2024,"{""type"":""Point"",""coordinates"":[116.1203621575452,-8.570408753529607]}"
0_17,1,2024,"{""type"":""Point"",""coordinates"":[116.12431036921512,-8.568881049811257]}"
0_18,1,2024,"{""type"":""Point"",""coordinates"":[116.1229370781995,-8.57091798673825]}"
0_19,1,2024,"{""type"":""Point"",""coordinates"":[116.1332367608167,-8.572106194905583]}"
0_20,1,2024,"{""type"":""Point"",""coordinates"":[116.13632666560183,-8.57261542584028]}"
0_21,1,2024,"{""type"":""Point"",""coordinates"":[116.13890158625613,-8.573633885662845]}"
0_22,1,2024,"{""type"":""Point"",""coordinates"":[116.14714133234989,-8.572954912751044]}"
0_23,1,2024,"{""type"":""Point"",""coordinates"":[116.13872992487919,-8.576010281300649]}"
0_24,1,2024,"{""type"":""Point"",""coordinates"":[116.13443839045537,-8.578216921083646]}"
0_25,1,2024,"{""type"":""Point"",""coordinates"":[116.13718497248662,-8.577368214991731]}"
0_26,1,2024,"{""type"":""Point"",""coordinates"":[116.14799963923465,-8.583988072207058]}"
0_27,1,2024,"{""type"":""Point"",""coordinates"":[116.14988791438114,-8.58568545289975]}"
0_28,1,2024,"{""type"":""Point"",""coordinates"":[116.14971625300419,-8.587382826000477]}"
0_29,1,2024,"{""type"":""Point"",""coordinates"":[116.15263449641239,-8.586534140399195]}"
0_30,1,2024,"{""type"":""Point"",""coordinates"":[116.15160452815068,-8.587892036450047]}"
0_31,1,2024,"{""type"":""Point"",""coordinates"":[116.15795599909795,-8.586534140399197]}"
0_32,1,2024,"{""type"":""Point"",""coordinates"":[116.15452277155887,-8.587043351987749]}"
0_33,1,2024,"{""type"":""Point"",""coordinates"":[116.1560677239515,-8.58975913558421]}"
0_34,1,2024,"{""type"":""Point"",""coordinates"":[116.16379248591434,-8.592135430280877]}"
0_35,1,2024,"{""type"":""Point"",""coordinates"":[116.16482245417606,-8.596209043685485]}"
0_36,1,2024,"{""type"":""Point"",""coordinates"":[116.16190421076787,-8.598415566000561]}"
0_37,1,2024,"{""type"":""Point"",""coordinates"":[116.15692603083622,-8.599264225008332]}"
0_38,1,2024,"{""type"":""Point"",""coordinates"":[116.150402898512,-8.596887974996918]}"
0_39,1,2024,"{""type"":""Point"",""coordinates"":[116.14181982966434,-8.598755029831771]}"
0_40,1,2024,"{""type"":""Point"",""coordinates"":[116.14576804133429,-8.611314977686737]}"
0_41,1,2024,"{""type"":""Point"",""coordinates"":[116.14147650691044,-8.606223157153423]}"
0_42,1,2024,"{""type"":""Point"",""coordinates"":[116.14044653864875,-8.612163607781152]}"
0_43,1,2024,"{""type"":""Point"",""coordinates"":[116.14370810481084,-8.612503059285906]}"
0_44,1,2024,"{""type"":""Point"",""coordinates"":[116.13993155451786,-8.606732342289288]}"
0_45,1,2024,"{""type"":""Point"",""coordinates"":[116.1339234063245,-8.605204784827176]}"
0_46,1,2024,"{""type"":""Point"",""coordinates"":[116.13255011530889,-8.611484703857908]}"
0_47,1,2024,"{""type"":""Point"",""coordinates"":[116.13684164973272,-8.61165442995294]}"
0_48,1,2024,"{""type"":""Point"",""coordinates"":[116.1229370781995,-8.602658842028507]}"
0_49,1,2024,"{""type"":""Point"",""coordinates"":[116.12019049616825,-8.604695597636848]}"
0_50,1,2024,"{""type"":""Point"",""coordinates"":[116.11950385066044,-8.60656261398676]}"
0_51,1,2024,"{""type"":""Point"",""coordinates"":[116.12328040095345,-8.610466345688836]}"
0_52,1,2024,"{""type"":""Point"",""coordinates"":[116.1225937554456,-8.604525868421236]}"
0_53,1,2024,"{""type"":""Point"",""coordinates"":[116.1177872368909,-8.613521411972517]}"
0_54,1,2024,"{""type"":""Point"",""coordinates"":[116.12173544856083,-8.616067281693427]}"
0_55,1,2024,"{""type"":""Point"",""coordinates"":[116.11160742732062,-8.620310359802438]}"
0_56,1,2024,"{""type"":""Point"",""coordinates"":[116.10182272883426,-8.616237005732101]}"
0_57,1,2024,"{""type"":""Point"",""coordinates"":[116.10405432673467,-8.62048008193614]}"
0_58,1,2024,"{""type"":""Point"",""coordinates"":[116.10010611506472,-8.623704787993313]}"
0_59,1,2024,"{""type"":""Point"",""coordinates"":[116.09993445368778,-8.624044229135185]}"
0_60,1,2024,"{""type"":""Point"",""coordinates"":[116.095642919264,-8.62387450860237]}"
0_61,1,2024,"{""type"":""Point"",""coordinates"":[116.09272467585575,-8.624553390276132]}"
0_62,1,2024,"{""type"":""Point"",""coordinates"":[116.08551489802375,-8.62302590479463]}"
0_63,1,2024,"{""type"":""Point"",""coordinates"":[116.08620154353153,-8.625062550730805]}"
0_64,1,2024,"{""type"":""Point"",""coordinates"":[116.07555853816044,-8.620989247879917]}"
0_65,1,2024,"{""type"":""Point"",""coordinates"":[116.07950674983036,-8.612672784924056]}"
0_66,1,2024,"{""type"":""Point"",""coordinates"":[116.08311163874639,-8.610805798716413]}"
0_67,1,2024,"{""type"":""Point"",""coordinates"":[116.08637320490853,-8.610805798716413]}"
0_68,1,2024,"{""type"":""Point"",""coordinates"":[116.08173834773076,-8.613860862258802]}"
0_69,1,2024,"{""type"":""Point"",""coordinates"":[116.08585822077764,-8.611993881914563]}"
0_70,1,2024,"{""type"":""Point"",""coordinates"":[116.09169470759407,-8.611145251439437]}"
0_71,1,2024,"{""type"":""Point"",""coordinates"":[116.09323965998664,-8.61165442995294]}"
0_72,1,2024,"{""type"":""Point"",""coordinates"":[116.09512793513309,-8.607920438276052]}"
0_73,1,2024,"{""type"":""Point"",""coordinates"":[116.07779013606084,-8.605374513738436]}"
0_74,1,2024,"{""type"":""Point"",""coordinates"":[116.0796784112073,-8.606562613986762]}"
0_75,1,2024,"{""type"":""Point"",""coordinates"":[116.07830512019169,-8.60656261398676]}"
0_76,1,2024,"{""type"":""Point"",""coordinates"":[116.08053671809209,-8.607580982660354]}"
0_77,1,2024,"{""type"":""Point"",""coordinates"":[116.08602988215458,-8.613181961381601]}"
0_78,1,2024,"{""type"":""Point"",""coordinates"":[116.08362662287722,-8.613181961381601]}"
0_79,1,2024,"{""type"":""Point"",""coordinates"":[116.09014975520145,-8.562600425606893]}"
0_80,1,2024,"{""type"":""Point"",""coordinates"":[116.09547125788698,-8.55954494931801]}"
0_81,1,2024,"{""type"":""Point"",""coordinates"":[116.12362372370734,-8.571936451109073]}"
0_82,1,2024,"{""type"":""Point"",""coordinates"":[116.10199439021122,-8.56922054005691]}"
0_83,1,2024,"{""type"":""Point"",""coordinates"":[116.1076592156507,-8.602489111900024]}"
0_84,1,2024,"{""type"":""Point"",""coordinates"":[116.10817419978154,-8.604016680317937]}"
0_85,1,2024,"{""type"":""Point"",""coordinates"":[116.09924780817997,-8.602658842028507]}"
0_86,1,2024,"{""type"":""Point"",""coordinates"":[116.10371100398078,-8.606732342289288]}"
0_87,1,2024,"{""type"":""Point"",""coordinates"":[116.0796784112073,-8.591795960521534]}"
0_88,1,2024,"{""type"":""Point"",""coordinates"":[116.07264029475225,-8.58347885651904]}"
0_89,1,2024,"{""type"":""Point"",""coordinates"":[116.08465659113895,-8.569729774857048]}"
0_90,1,2024,"{""type"":""Point"",""coordinates"":[116.10903250666632,-8.58296964014791]}"
0_91,1,2024,"{""type"":""Point"",""coordinates"":[116.11830222102176,-8.587382826000475]}"
0_92,1,2024,"{""type"":""Point"",""coordinates"":[116.11624228449833,-8.596887974996918]}"
0_93,1,2024,"{""type"":""Point"",""coordinates"":[116.09341132136359,-8.588910455298798]}"
0_94,1,2024,"{""type"":""Point"",""coordinates"":[116.0747002312757,-8.597227440196543]}"
0_95,1,2024,"{""type"":""Point"",""coordinates"":[116.15744101496712,-8.601300998870908]}"
0_96,1,2024,"{""type"":""Point"",""coordinates"":[116.10456931086551,-8.561581936236161]}"
0_97,1,2024,"{""type"":""Point"",""coordinates"":[116.1419914910413,-8.567183594036695]}"
0_98,1,2024,"{""type"":""Point"",""coordinates"":[116.11538397761358,-8.575670797119473]}"
0_99,1,2024,"{""type"":""Point"",""coordinates"":[116.09787451716434,-8.563109669270041]}"
0_100,1,2024,"{""type"":""Point"",""coordinates"":[116.0894328295528,-8.564331573122942]}"
0_101,1,2024,"{""type"":""Point"",""coordinates"":[116.08084976070515,-8.61694956774328]}"
0_102,1,2024,"{""type"":""Point"",""coordinates"":[116.08187972896688,-8.623059570868696]}"
0_103,1,2024,"{""type"":""Point"",""coordinates"":[116.0789614855587,-8.621701800932884]}"
0_104,1,2024,"{""type"":""Point"",""coordinates"":[116.07484161251182,-8.622550407714522]}"
0_105,1,2024,"{""type"":""Point"",""coordinates"":[116.07655822628134,-8.589283596718662]}"
0_106,1,2024,"{""type"":""Point"",""coordinates"":[116.0729533373653,-8.587925705648399]}"
0_107,1,2024,"{""type"":""Point"",""coordinates"":[116.10282241695516,-8.573328069851298]}"
0_108,1,2024,"{""type"":""Point"",""coordinates"":[116.12496673458213,-8.582833570855872]}"
0_109,1,2024,"{""type"":""Point"",""coordinates"":[116.14487945430868,-8.61236700059785]}"
0_110,1,2024,"{""type"":""Point"",""coordinates"":[116.154664152795,-8.603201699799058]}"
0_111,1,2024,"{""type"":""Point"",""coordinates"":[116.15569412105671,-8.606256824723278]}"
0_112,1,2024,"{""type"":""Point"",""coordinates"":[116.1527758776485,-8.591320424209766]}"
0_113,1,2024,"{""type"":""Point"",""coordinates"":[116.15569412105671,-8.591829629373358]}"
0_114,1,2024,"{""type"":""Point"",""coordinates"":[116.11037551754112,-8.602013589005303]}"
0_115,1,2024,"{""type"":""Point"",""coordinates"":[116.10694229000204,-8.60557791020384]}"
0_116,1,2024,"{""type"":""Point"",""coordinates"":[116.10471069210163,-8.608463288502332]}"
0_117,1,2024,"{""type"":""Point"",""coordinates"":[116.08411132686726,-8.60235304961241]}"
0_118,1,2024,"{""type"":""Point"",""coordinates"":[116.07964813106648,-8.599128161562394]}"
0_119,1,2024,"{""type"":""Point"",""coordinates"":[116.07878982418171,-8.592848037649258]}"
0_120,1,2024,"{""type"":""Point"",""coordinates"":[116.0894328295528,-8.570612168741583]}"
0_121,1,2024,"{""type"":""Point"",""coordinates"":[116.10179244869343,-8.581136177410718]}"
0_122,1,2024,"{""type"":""Point"",""coordinates"":[116.10831558101765,-8.587925705648399]}"
0_123,1,2024,"{""type"":""Point"",""coordinates"":[116.10419570797079,-8.59149015934027]}"
0_124,1,2024,"{""type"":""Point"",""coordinates"":[116.13097488277546,-8.618477077784094]}"
0_125,1,2024,"{""type"":""Point"",""coordinates"":[116.13354980342976,-8.612876177466987]}"
0_126,1,2024,"{""type"":""Point"",""coordinates"":[116.16135894649615,-8.600825474484605]}"
0_127,1,2024,"{""type"":""Point"",""coordinates"":[116.16977035396688,-8.593696709123034]}"
0_128,1,2024,"{""type"":""Point"",""coordinates"":[116.14041625850793,-8.583512526108942]}"
0_129,1,2024,"{""type"":""Point"",""coordinates"":[116.13715469234579,-8.58554938458132]}"
0_130,1,2024,"{""type"":""Point"",""coordinates"":[116.12513839595907,-8.575025498189477]}"
0_131,1,2024,"{""type"":""Point"",""coordinates"":[116.12891494625205,-8.565010561432992]}"
0_132,1,2024,"{""type"":""Point"",""coordinates"":[116.12685500972859,-8.56755675680162]}"
0_133,1,2024,"{""type"":""Point"",""coordinates"":[116.09956085079305,-8.563992078513492]}"
0_134,1,2024,"{""type"":""Point"",""coordinates"":[116.08720123165243,-8.564331573122942]}"
0_135,1,2024,"{""type"":""Point"",""coordinates"":[116.07381164425009,-8.591320424209766]}"
0_136,1,2024,"{""type"":""Point"",""coordinates"":[116.08891784542195,-8.611009192263074]}"
0_137,1,2024,"{""type"":""Point"",""coordinates"":[116.09046279781457,-8.615252327126807]}"
0_138,1,2024,"{""type"":""Point"",""coordinates"":[116.08771621578326,-8.617798185194559]}"
0_139,1,2024,"{""type"":""Point"",""coordinates"":[116.09526931636921,-8.617458738442622]}"
0_140,1,2024,"{""type"":""Point"",""coordinates"":[116.09320937984577,-8.612876177466985]}"
0_141,1,2024,"{""type"":""Point"",""coordinates"":[116.08479797237507,-8.625605376346346]}"
0_142,1,2024,"{""type"":""Point"",""coordinates"":[116.07707321041218,-8.56246434902234]}"
0_143,1,2024,"{""type"":""Point"",""coordinates"":[116.07243835323445,-8.558220623813474]}"
0_144,1,2024,"{""type"":""Point"",""coordinates"":[116.09732925289265,-8.56755675680162]}"
0_145,1,2024,"{""type"":""Point"",""coordinates"":[116.09973251217001,-8.56568954853116]}"
0_146,1,2024,"{""type"":""Point"",""coordinates"":[116.09372436397665,-8.570612168741583]}"
0_147,1,2024,"{""type"":""Point"",""coordinates"":[116.1158686816036,-8.604559536142004]}"
0_148,1,2024,"{""type"":""Point"",""coordinates"":[116.11930190914269,-8.6138945291491]}"
0_149,1,2024,"{""type"":""Point"",""coordinates"":[116.12325012081261,-8.618307354751012]}"
0_150,1,2024,"{""type"":""Point"",""coordinates"":[116.11672698848837,-8.61932569180647]}"
0_151,1,2024,"{""type"":""Point"",""coordinates"":[116.10076248043171,-8.618477077784096]}"
0_152,1,2024,"{""type"":""Point"",""coordinates"":[116.07398330562704,-8.602183319346883]}"
0_153,1,2024,"{""type"":""Point"",""coordinates"":[116.07518493526571,-8.612367000597851]}"
0_154,1,2024,"{""type"":""Point"",""coordinates"":[116.14333450191609,-8.588095442297982]}"
0_155,1,2024,"{""type"":""Point"",""coordinates"":[116.08205139034382,-8.579608516822251]}"
0_156,1,2024,"{""type"":""Point"",""coordinates"":[116.09080612056846,-8.583682264732468]}"
0_157,1,2024,"{""type"":""Point"",""coordinates"":[116.09080612056843,-8.60337142960819]}"
0_158,1,2024,"{""type"":""Point"",""coordinates"":[116.1287432848751,-8.606596281526416]}"
0_159,1,2024,"{""type"":""Point"",""coordinates"":[116.12788497799032,-8.598618966202975]}"
1_0,0,2024,"{""type"":""Point"",""coordinates"":[116.07298361750614,-8.56412815455169]}"
1_1,0,2024,"{""type"":""Point"",""coordinates"":[116.07676016779911,-8.571596963288657]}"
1_2,0,2024,"{""type"":""Point"",""coordinates"":[116.08688818903934,-8.575161570278977]}"
1_3,0,2024,"{""type"":""Point"",""coordinates"":[116.0973595330335,-8.577877438874438]}"
1_4,0,2024,"{""type"":""Point"",""coordinates"":[116.10044943781864,-8.588570982652985]}"
1_5,0,2024,"{""type"":""Point"",""coordinates"":[116.10096442194951,-8.59060781397078]}"
1_6,0,2024,"{""type"":""Point"",""coordinates"":[116.09426962824834,-8.599094493358843]}"
1_7,0,2024,"{""type"":""Point"",""coordinates"":[116.08774649592415,-8.589928871413441]}"
1_8,0,2024,"{""type"":""Point"",""coordinates"":[116.08362662287722,-8.589419663697903]}"
1_9,0,2024,"{""type"":""Point"",""coordinates"":[116.0824249932386,-8.597057707634745]}"
1_10,0,2024,"{""type"":""Point"",""coordinates"":[116.08620154353153,-8.615048935861662]}"
1_11,0,2024,"{""type"":""Point"",""coordinates"":[116.1061142632581,-8.615897557578572]}"
1_12,0,2024,"{""type"":""Point"",""coordinates"":[116.09856116267218,-8.61148470385791]}"
1_13,0,2024,"{""type"":""Point"",""coordinates"":[116.11418234797492,-8.613181961381601]}"
1_14,0,2024,"{""type"":""Point"",""coordinates"":[116.1277435967542,-8.612503059285906]}"
1_15,0,2024,"{""type"":""Point"",""coordinates"":[116.12928854914678,-8.60469559763685]}"
1_16,0,2024,"{""type"":""Point"",""coordinates"":[116.12619864436161,-8.602489111900024]}"
1_17,0,2024,"{""type"":""Point"",""coordinates"":[116.12911688776983,-8.587552562892931]}"
1_18,0,2024,"{""type"":""Point"",""coordinates"":[116.12070548029914,-8.587722299709457]}"
1_19,0,2024,"{""type"":""Point"",""coordinates"":[116.11967551203739,-8.591286755312726]}"
1_20,0,2024,"{""type"":""Point"",""coordinates"":[116.13769995661751,-8.597736637425847]}"
1_21,0,2024,"{""type"":""Point"",""coordinates"":[116.13461005183231,-8.597397172682326]}"
1_22,0,2024,"{""type"":""Point"",""coordinates"":[116.13769995661751,-8.605204784827176]}"
1_23,0,2024,"{""type"":""Point"",""coordinates"":[116.13066184016239,-8.616067281693429]}"
1_24,0,2024,"{""type"":""Point"",""coordinates"":[116.15108954401981,-8.608599348594092]}"
1_25,0,2024,"{""type"":""Point"",""coordinates"":[116.15108954401981,-8.611314977686737]}"
1_26,0,2024,"{""type"":""Point"",""coordinates"":[116.16001593562142,-8.601300998870908]}"
1_27,0,2024,"{""type"":""Point"",""coordinates"":[116.154007787428,-8.605204784827176]}"
1_28,0,2024,"{""type"":""Point"",""coordinates"":[116.16001593562142,-8.593153837735455]}"
1_29,0,2024,"{""type"":""Point"",""coordinates"":[116.15280615778936,-8.59383277451887]}"
1_30,0,2024,"{""type"":""Point"",""coordinates"":[116.1442230889417,-8.594681443788339]}"
1_31,0,2024,"{""type"":""Point"",""coordinates"":[116.14370810481084,-8.583648595157616]}"
1_32,0,2024,"{""type"":""Point"",""coordinates"":[116.14422308894173,-8.575840539247972]}"
1_33,0,2024,"{""type"":""Point"",""coordinates"":[116.09529959651005,-8.579065625279167]}"
1_34,0,2024,"{""type"":""Point"",""coordinates"":[116.0977028557874,-8.579744587270065]}"
1_35,0,2024,"{""type"":""Point"",""coordinates"":[116.10491263361945,-8.593493306279141]}"
1_36,0,2024,"{""type"":""Point"",""coordinates"":[116.10697257014286,-8.596039310667612]}"
1_37,0,2024,"{""type"":""Point"",""coordinates"":[116.10371100398078,-8.601131268133958]}"
1_38,0,2024,"{""type"":""Point"",""coordinates"":[116.08860480280887,-8.590777549420217]}"
1_39,0,2024,"{""type"":""Point"",""coordinates"":[116.07744681330695,-8.576349765178472]}"
1_40,0,2024,"{""type"":""Point"",""coordinates"":[116.07298361750614,-8.575840539247972]}"
1_41,0,2024,"{""type"":""Point"",""coordinates"":[116.07641684504522,-8.582120944678124]}"
1_42,0,2024,"{""type"":""Point"",""coordinates"":[116.0747002312757,-8.58958939967904]}"
1_43,0,2024,"{""type"":""Point"",""coordinates"":[116.0779617974378,-8.598585297954187]}"
1_44,0,2024,"{""type"":""Point"",""coordinates"":[116.0789917656995,-8.618443411301797]}"
1_45,0,2024,"{""type"":""Point"",""coordinates"":[116.08379828425423,-8.624892830655497]}"
1_46,0,2024,"{""type"":""Point"",""coordinates"":[116.07779013606084,-8.6223470203761]}"
1_47,0,2024,"{""type"":""Point"",""coordinates"":[116.10577094050419,-8.619801192944063]}"
1_48,0,2024,"{""type"":""Point"",""coordinates"":[116.10851752253544,-8.606902070515712]}"
1_49,0,2024,"{""type"":""Point"",""coordinates"":[116.11401068659798,-8.60045234442563]}"
1_50,0,2024,"{""type"":""Point"",""coordinates"":[116.09959113093392,-8.578047180016966]}"
1_51,0,2024,"{""type"":""Point"",""coordinates"":[116.12156378718387,-8.577198473545804]}"
1_52,0,2024,"{""type"":""Point"",""coordinates"":[116.11589896174443,-8.57940510642635]}"
1_53,0,2024,"{""type"":""Point"",""coordinates"":[116.12276541682255,-8.583648595157616]}"
1_54,0,2024,"{""type"":""Point"",""coordinates"":[116.12688528986942,-8.580593288051622]}"
1_55,0,2024,"{""type"":""Point"",""coordinates"":[116.12808691950809,-8.576519507003612]}"
1_56,0,2024,"{""type"":""Point"",""coordinates"":[116.13855826350223,-8.57940510642635]}"
1_57,0,2024,"{""type"":""Point"",""coordinates"":[116.14147650691044,-8.586873614867493]}"
1_58,0,2024,"{""type"":""Point"",""coordinates"":[116.1380432793714,-8.587722299709457]}"
1_59,0,2024,"{""type"":""Point"",""coordinates"":[116.14696967097298,-8.595530111157915]}"
1_60,0,2024,"{""type"":""Point"",""coordinates"":[116.14834296198858,-8.601300998870908]}"
1_61,0,2024,"{""type"":""Point"",""coordinates"":[116.14387976618778,-8.601979921058179]}"
1_62,0,2024,"{""type"":""Point"",""coordinates"":[116.11366736384403,-8.5614121877427]}"
1_63,0,2024,"{""type"":""Point"",""coordinates"":[116.10971915217411,-8.561581936236161]}"
1_64,0,2024,"{""type"":""Point"",""coordinates"":[116.10834586115848,-8.567353339955094]}"
1_65,0,2024,"{""type"":""Point"",""coordinates"":[116.11160742732062,-8.572106194905583]}"
1_66,0,2024,"{""type"":""Point"",""coordinates"":[116.10714423151981,-8.568711304574771]}"
1_67,0,2024,"{""type"":""Point"",""coordinates"":[116.10783087702765,-8.577028732024015]}"
1_68,0,2024,"{""type"":""Point"",""coordinates"":[116.12980353327764,-8.590947284793693]}"
1_69,0,2024,"{""type"":""Point"",""coordinates"":[116.12482535334598,-8.614709486641678]}"
1_70,0,2024,"{""type"":""Point"",""coordinates"":[116.12585532160774,-8.616915901124967]}"
1_71,0,2024,"{""type"":""Point"",""coordinates"":[116.10371100398078,-8.608429621128751]}"
1_72,0,2024,"{""type"":""Point"",""coordinates"":[116.09856116267218,-8.61420031224045]}"
1_73,0,2024,"{""type"":""Point"",""coordinates"":[116.08396994563114,-8.616746177391029]}"
1_74,0,2024,"{""type"":""Point"",""coordinates"":[116.07401358576787,-8.599603688079185]}"
1_75,0,2024,"{""type"":""Point"",""coordinates"":[116.08602988215458,-8.600961537320947]}"
1_76,0,2024,"{""type"":""Point"",""coordinates"":[116.08671652766242,-8.602489111900026]}"
1_77,0,2024,"{""type"":""Point"",""coordinates"":[116.09049307795536,-8.600452344425628]}"
1_78,0,2024,"{""type"":""Point"",""coordinates"":[116.08791815730106,-8.608259893587293]}"
1_79,0,2024,"{""type"":""Point"",""coordinates"":[116.08911978693975,-8.620819525974872]}"
1_80,0,2024,"{""type"":""Point"",""coordinates"":[116.11589896174443,-8.616237005732103]}"
1_81,0,2024,"{""type"":""Point"",""coordinates"":[116.12242209406865,-8.56361891225165]}"
1_82,0,2024,"{""type"":""Point"",""coordinates"":[116.07779013606081,-8.565825623962192]}"
1_83,0,2024,"{""type"":""Point"",""coordinates"":[116.08225333186161,-8.572445682271193]}"
1_84,0,2024,"{""type"":""Point"",""coordinates"":[116.09152304621706,-8.576010281300649]}"
1_85,0,2024,"{""type"":""Point"",""coordinates"":[116.07332694026006,-8.565316383934341]}"
1_86,0,2024,"{""type"":""Point"",""coordinates"":[116.08105170222292,-8.564467649039718]}"
1_87,0,2024,"{""type"":""Point"",""coordinates"":[116.07246863337527,-8.566165116935334]}"
1_88,0,2024,"{""type"":""Point"",""coordinates"":[116.13941657038703,-8.593323572045286]}"
1_89,0,2024,"{""type"":""Point"",""coordinates"":[116.15469443293581,-8.59671824228308]}"
1_90,0,2024,"{""type"":""Point"",""coordinates"":[116.16688239069953,-8.592135430280877]}"
1_91,0,2024,"{""type"":""Point"",""coordinates"":[116.15967261286747,-8.595530111157915]}"
1_92,0,2024,"{""type"":""Point"",""coordinates"":[116.09392630549442,-8.60045234442563]}"
1_93,0,2024,"{""type"":""Point"",""coordinates"":[116.08620154353153,-8.616237005732101]}"
1_94,0,2024,"{""type"":""Point"",""coordinates"":[116.11418234797489,-8.616915901124969]}"
1_95,0,2024,"{""type"":""Point"",""coordinates"":[116.10937582942022,-8.607920438276052]}"
1_96,0,2024,"{""type"":""Point"",""coordinates"":[116.09632956477178,-8.598585297954187]}"
1_97,0,2024,"{""type"":""Point"",""coordinates"":[116.11984717341436,-8.577368214991731]}"
1_98,0,2024,"{""type"":""Point"",""coordinates"":[116.11967551203739,-8.592644634350075]}"
1_99,0,2024,"{""type"":""Point"",""coordinates"":[116.08517157526984,-8.561921432995934]}"
1_100,0,2024,"{""type"":""Point"",""coordinates"":[116.10179244869343,-8.620683470279385]}"
1_101,0,2024,"{""type"":""Point"",""coordinates"":[116.09475433223838,-8.62136235768662]}"
1_102,0,2024,"{""type"":""Point"",""coordinates"":[116.09217941158407,-8.616270672410856]}"
1_103,0,2024,"{""type"":""Point"",""coordinates"":[116.07793151729696,-8.610669739417972]}"
1_104,0,2024,"{""type"":""Point"",""coordinates"":[116.0755282580196,-8.613555078893032]}"
1_105,0,2024,"{""type"":""Point"",""coordinates"":[116.11449539058799,-8.620174303923653]}"
1_106,0,2024,"{""type"":""Point"",""coordinates"":[116.11775695675007,-8.617289014952362]}"
1_107,0,2024,"{""type"":""Point"",""coordinates"":[116.13406478756062,-8.61508260264619]}"
1_108,0,2024,"{""type"":""Point"",""coordinates"":[116.14539443843952,-8.606426553162885]}"
1_109,0,2024,"{""type"":""Point"",""coordinates"":[116.14213287227741,-8.610500012881225]}"
1_110,0,2024,"{""type"":""Point"",""coordinates"":[116.13234817379107,-8.607954105694935]}"
1_111,0,2024,"{""type"":""Point"",""coordinates"":[116.13578140133016,-8.60931192499237]}"
1_112,0,2024,"{""type"":""Point"",""coordinates"":[116.1287432848751,-8.594375644934276]}"
1_113,0,2024,"{""type"":""Point"",""coordinates"":[116.12668334835165,-8.58758623212142]}"
1_114,0,2024,"{""type"":""Point"",""coordinates"":[116.11020385616415,-8.58554938458132]}"
1_115,0,2024,"{""type"":""Point"",""coordinates"":[116.10230743282433,-8.583173048634208]}"
1_116,0,2024,"{""type"":""Point"",""coordinates"":[116.08994781368366,-8.5775716264785]}"
1_117,0,2024,"{""type"":""Point"",""coordinates"":[116.09595596187702,-8.565350055133552]}"
1_118,0,2024,"{""type"":""Point"",""coordinates"":[116.09372436397665,-8.560766864616554]}"
1_119,0,2024,"{""type"":""Point"",""coordinates"":[116.11140548580285,-8.561276110733273]}"
1_120,0,2024,"{""type"":""Point"",""coordinates"":[116.13286315792197,-8.56840548480319]}"
1_121,0,2024,"{""type"":""Point"",""coordinates"":[116.13715469234579,-8.569423955904613]}"
1_122,0,2024,"{""type"":""Point"",""coordinates"":[116.14367782467001,-8.577062402185845]}"
1_123,0,2024,"{""type"":""Point"",""coordinates"":[116.14711105220906,-8.5775716264785]}"
1_124,0,2024,"{""type"":""Point"",""coordinates"":[116.14968597286338,-8.592678303126547]}"
1_125,0,2024,"{""type"":""Point"",""coordinates"":[116.14058791988484,-8.587925705648399]}"
1_126,0,2024,"{""type"":""Point"",""coordinates"":[116.15741073482623,-8.596242712145404]}"
1_127,0,2024,"{""type"":""Point"",""coordinates"":[116.10831558101765,-8.599128161562394]}"
1_128,0,2024,"{""type"":""Point"",""coordinates"":[116.10247909420124,-8.59403617718064]}"
1_129,0,2024,"{""type"":""Point"",""coordinates"":[116.08891784542195,-8.583852003280084]}"
1_130,0,2024,"{""type"":""Point"",""coordinates"":[116.09732925289265,-8.585040170988027]}"
1_131,0,2024,"{""type"":""Point"",""coordinates"":[116.08325301998251,-8.575874209515106]}"
1_132,0,2024,"{""type"":""Point"",""coordinates"":[116.07140838497274,-8.556013868009453]}"
1_133,0,2024,"{""type"":""Point"",""coordinates"":[116.09973251217002,-8.560427366826868]}"
1_134,0,2024,"{""type"":""Point"",""coordinates"":[116.09956085079305,-8.567217265070623]}"
1_135,0,2024,"{""type"":""Point"",""coordinates"":[116.08565627925982,-8.567387010974008]}"
1_136,0,2024,"{""type"":""Point"",""coordinates"":[116.08153640621296,-8.567047519091476]}"
1_137,0,2024,"{""type"":""Point"",""coordinates"":[116.15483581417199,-8.585040170988027]}"
1_138,0,2024,"{""type"":""Point"",""coordinates"":[116.12359344356648,-8.59827950224989]}"
1_139,0,2024,"{""type"":""Point"",""coordinates"":[116.13251983516805,-8.583173048634208]}"
1_140,0,2024,"{""type"":""Point"",""coordinates"":[116.10677062862506,-8.580966437648843]}"
1_141,0,2024,"{""type"":""Point"",""coordinates"":[116.10316573970906,-8.575534725212345]}"
1_142,0,2024,"{""type"":""Point"",""coordinates"":[116.07278167598837,-8.56840548480319]}"
1_143,0,2024,"{""type"":""Point"",""coordinates"":[116.08016311519737,-8.581136177410718]}"
1_144,0,2024,"{""type"":""Point"",""coordinates"":[116.08170806758993,-8.60150439752419]}"
1_145,0,2024,"{""type"":""Point"",""coordinates"":[116.07758819454307,-8.601334666878369]}"
1_146,0,2024,"{""type"":""Point"",""coordinates"":[116.10968887203327,-8.616270672410856]}"
1_147,0,2024,"{""type"":""Point"",""coordinates"":[116.11277877681844,-8.603710888998226]}"
1_148,0,2024,"{""type"":""Point"",""coordinates"":[116.11192046993366,-8.588095442297982]}"
1_149,0,2024,"{""type"":""Point"",""coordinates"":[116.10608398311724,-8.584700694879581]}"
1_150,0,2024,"{""type"":""Point"",""coordinates"":[116.11792861812701,-8.57197012172211]}"
1_151,0,2024,"{""type"":""Point"",""coordinates"":[116.12771331661335,-8.57044242427796]}"
1_152,0,2024,"{""type"":""Point"",""coordinates"":[116.13784133785362,-8.606087096207553]}"
1_153,0,2024,"{""type"":""Point"",""coordinates"":[116.13303481929889,-8.598109770159295]}"
1_154,0,2024,"{""type"":""Point"",""coordinates"":[116.15638076656455,-8.597091376019257]}"
1_155,0,2024,"{""type"":""Point"",""coordinates"":[116.10934554927938,-8.570102935123314]}"
1_156,0,2024,"{""type"":""Point"",""coordinates"":[116.11775695675007,-8.560766864616554]}"
1_157,0,2024,"{""type"":""Point"",""coordinates"":[116.11844360225788,-8.610839465878588]}"
1_158,0,2024,"{""type"":""Point"",""coordinates"":[116.14762603633993,-8.609481652062012]}"
1_159,0,2024,"{""type"":""Point"",""coordinates"":[116.14505111568563,-8.587755968922872]}"
2_0,1,2025,"{""type"":""Point"",""coordinates"":[116.0747002312757,-8.597397172682326]}"
2_1,1,2025,"{""type"":""Point"",""coordinates"":[116.0798500725843,-8.592644634350075]}"
2_2,1,2025,"{""type"":""Point"",""coordinates"":[116.077103490553,-8.605713971332715]}"
2_3,1,2025,"{""type"":""Point"",""coordinates"":[116.08070837946903,-8.606223157153421]}"
2_4,1,2025,"{""type"":""Point"",""coordinates"":[116.07916342707647,-8.607750710506254]}"
2_5,1,2025,"{""type"":""Point"",""coordinates"":[116.08328330012333,-8.606392885608141]}"
2_6,1,2025,"{""type"":""Point"",""coordinates"":[116.0947846123792,-8.608599348594092]}"
2_7,1,2025,"{""type"":""Point"",""coordinates"":[116.10199439021122,-8.616406729694598]}"
2_8,1,2025,"{""type"":""Point"",""coordinates"":[116.10165106745733,-8.618443411301797]}"
2_9,1,2025,"{""type"":""Point"",""coordinates"":[116.10422598811162,-8.616406729694596]}"
2_10,1,2025,"{""type"":""Point"",""coordinates"":[116.10422598811162,-8.619801192944063]}"
2_11,1,2025,"{""type"":""Point"",""coordinates"":[116.10371100398075,-8.623195625708663]}"
2_12,1,2025,"{""type"":""Point"",""coordinates"":[116.10010611506472,-8.623704787993313]}"
2_13,1,2025,"{""type"":""Point"",""coordinates"":[116.09959113093392,-8.625232270729843]}"
2_14,1,2025,"{""type"":""Point"",""coordinates"":[116.09014975520145,-8.624723110503941]}"
2_15,1,2025,"{""type"":""Point"",""coordinates"":[116.09375464411748,-8.625062550730805]}"
2_16,1,2025,"{""type"":""Point"",""coordinates"":[116.09529959651005,-8.617425071869654]}"
2_17,1,2025,"{""type"":""Point"",""coordinates"":[116.09203803034794,-8.610805798716413]}"
2_18,1,2025,"{""type"":""Point"",""coordinates"":[116.07538687678348,-8.621498413137697]}"
2_19,1,2025,"{""type"":""Point"",""coordinates"":[116.11984717341436,-8.613691137153737]}"
2_20,1,2025,"{""type"":""Point"",""coordinates"":[116.1229370781995,-8.612503059285906]}"
2_21,1,2025,"{""type"":""Point"",""coordinates"":[116.12465369196904,-8.60961771178764]}"
2_22,1,2025,"{""type"":""Point"",""coordinates"":[116.13272177668586,-8.61097552511599]}"
2_23,1,2025,"{""type"":""Point"",""coordinates"":[116.13529669734015,-8.612503059285906]}"
2_24,1,2025,"{""type"":""Point"",""coordinates"":[116.14044653864873,-8.611824155971817]}"
2_25,1,2025,"{""type"":""Point"",""coordinates"":[116.1349533745862,-8.614030587287711]}"
2_26,1,2025,"{""type"":""Point"",""coordinates"":[116.13066184016239,-8.618103965129196]}"
2_27,1,2025,"{""type"":""Point"",""coordinates"":[116.12791525813115,-8.616915901124969]}"
2_28,1,2025,"{""type"":""Point"",""coordinates"":[116.14542471858036,-8.611314977686737]}"
2_29,1,2025,"{""type"":""Point"",""coordinates"":[116.16156088801398,-8.598585297954187]}"
2_30,1,2025,"{""type"":""Point"",""coordinates"":[116.16379248591434,-8.596548509493223]}"
2_31,1,2025,"{""type"":""Point"",""coordinates"":[116.16619574519169,-8.596039310667612]}"
2_32,1,2025,"{""type"":""Point"",""coordinates"":[116.17031561823856,-8.59349330627914]}"
2_33,1,2025,"{""type"":""Point"",""coordinates"":[116.15658270808231,-8.59043807844538]}"
2_34,1,2025,"{""type"":""Point"",""coordinates"":[116.1584709832288,-8.58585519055148]}"
2_35,1,2025,"{""type"":""Point"",""coordinates"":[116.14817130061162,-8.584327548952883]}"
2_36,1,2025,"{""type"":""Point"",""coordinates"":[116.1500595757581,-8.584836763502317]}"
2_37,1,2025,"{""type"":""Point"",""coordinates"":[116.15143286677373,-8.586364403051148]}"
2_38,1,2025,"{""type"":""Point"",""coordinates"":[116.1529778191663,-8.587213089032083]}"
2_39,1,2025,"{""type"":""Point"",""coordinates"":[116.14937293025028,-8.587722299709457]}"
2_40,1,2025,"{""type"":""Point"",""coordinates"":[116.13443839045537,-8.577368214991731]}"
2_41,1,2025,"{""type"":""Point"",""coordinates"":[116.13529669734015,-8.579235365890684]}"
2_42,1,2025,"{""type"":""Point"",""coordinates"":[116.14010321589481,-8.574143114550612]}"
2_43,1,2025,"{""type"":""Point"",""coordinates"":[116.13306509943975,-8.571596963288657]}"
2_44,1,2025,"{""type"":""Point"",""coordinates"":[116.13615500422489,-8.572275938626293]}"
2_45,1,2025,"{""type"":""Point"",""coordinates"":[116.1380432793714,-8.574652342755998]}"
2_46,1,2025,"{""type"":""Point"",""coordinates"":[116.1406182000257,-8.575670797119473]}"
2_47,1,2025,"{""type"":""Point"",""coordinates"":[116.13752829524051,-8.577028732024015]}"
2_48,1,2025,"{""type"":""Point"",""coordinates"":[116.14662634821903,-8.572445682271193]}"
2_49,1,2025,"{""type"":""Point"",""coordinates"":[116.14920126887333,-8.572106194905583]}"
2_50,1,2025,"{""type"":""Point"",""coordinates"":[116.14250647517215,-8.567862577255735]}"
2_51,1,2025,"{""type"":""Point"",""coordinates"":[116.13993155451786,-8.567013848042528]}"
2_52,1,2025,"{""type"":""Point"",""coordinates"":[116.12911688776983,-8.565146637106903]}"
2_53,1,2025,"{""type"":""Point"",""coordinates"":[116.11967551203739,-8.568541559262497]}"
2_54,1,2025,"{""type"":""Point"",""coordinates"":[116.12156378718387,-8.568881049811257]}"
2_55,1,2025,"{""type"":""Point"",""coordinates"":[116.12087714167606,-8.5700692643449]}"
2_56,1,2025,"{""type"":""Point"",""coordinates"":[116.12345206233036,-8.569560029999455]}"
2_57,1,2025,"{""type"":""Point"",""coordinates"":[116.09066473933234,-8.559375199916106]}"
2_58,1,2025,"{""type"":""Point"",""coordinates"":[116.10182272883426,-8.569560029999455]}"
2_59,1,2025,"{""type"":""Point"",""coordinates"":[116.07676016779911,-8.561072690528642]}"
2_60,1,2025,"{""type"":""Point"",""coordinates"":[116.0796784112073,-8.560902941808058]}"
2_61,1,2025,"{""type"":""Point"",""coordinates"":[116.08173834773076,-8.560902941808058]}"
2_62,1,2025,"{""type"":""Point"",""coordinates"":[116.08362662287722,-8.560902941808058]}"
2_63,1,2025,"{""type"":""Point"",""coordinates"":[116.07195364924446,-8.55360367522311]}"
2_64,1,2025,"{""type"":""Point"",""coordinates"":[116.10319601984989,-8.561581936236161]}"
2_65,1,2025,"{""type"":""Point"",""coordinates"":[116.09838950129523,-8.562600425606893]}"
2_66,1,2025,"{""type"":""Point"",""coordinates"":[116.09684454890261,-8.55665919919231]}"
2_67,1,2025,"{""type"":""Point"",""coordinates"":[116.10405432673464,-8.556319697739642]}"
2_68,1,2025,"{""type"":""Point"",""coordinates"":[116.10010611506475,-8.557847451892954]}"
2_69,1,2025,"{""type"":""Point"",""coordinates"":[116.1002777764417,-8.570408753529607]}"
2_70,1,2025,"{""type"":""Point"",""coordinates"":[116.10989081355106,-8.601470729531815]}"
2_71,1,2025,"{""type"":""Point"",""coordinates"":[116.1076592156507,-8.60384695079801]}"
2_72,1,2025,"{""type"":""Point"",""coordinates"":[116.10714423151981,-8.605883700015715]}"
2_73,1,2025,"{""type"":""Point"",""coordinates"":[116.10268103571904,-8.6106360722407]}"
2_74,1,2025,"{""type"":""Point"",""coordinates"":[116.1050842949964,-8.607750710506254]}"
2_75,1,2025,"{""type"":""Point"",""coordinates"":[116.09341132136359,-8.588910455298798]}"
2_76,1,2025,"{""type"":""Point"",""coordinates"":[116.09632956477178,-8.600622075466779]}"
2_77,1,2025,"{""type"":""Point"",""coordinates"":[116.0798500725843,-8.598924761633315]}"
2_78,1,2025,"{""type"":""Point"",""coordinates"":[116.07676016779911,-8.588910455298798]}"
2_79,1,2025,"{""type"":""Point"",""coordinates"":[116.07229697199836,-8.583648595157616]}"
2_80,1,2025,"{""type"":""Point"",""coordinates"":[116.08705985041631,-8.56395840719408]}"
2_81,1,2025,"{""type"":""Point"",""coordinates"":[116.09135138484012,-8.561581936236161]}"
2_82,1,2025,"{""type"":""Point"",""coordinates"":[116.07332694026006,-8.55801720197605]}"
2_83,1,2025,"{""type"":""Point"",""coordinates"":[116.14010321589481,-8.584327548952883]}"
2_84,1,2025,"{""type"":""Point"",""coordinates"":[116.14336478205695,-8.588231509703396]}"
2_85,1,2025,"{""type"":""Point"",""coordinates"":[116.15091788264287,-8.596887974996918]}"
2_86,1,2025,"{""type"":""Point"",""coordinates"":[116.14902960749637,-8.598076101865255]}"
2_87,1,2025,"{""type"":""Point"",""coordinates"":[116.1560677239515,-8.606562613986762]}"
2_88,1,2025,"{""type"":""Point"",""coordinates"":[116.14130484553348,-8.605713971332717]}"
2_89,1,2025,"{""type"":""Point"",""coordinates"":[116.13461005183231,-8.605374513738436]}"
2_90,1,2025,"{""type"":""Point"",""coordinates"":[116.11950385066044,-8.60605342862262]}"
2_91,1,2025,"{""type"":""Point"",""coordinates"":[116.12310873957644,-8.60333776178179]}"
2_92,1,2025,"{""type"":""Point"",""coordinates"":[116.11607062312139,-8.597397172682326]}"
2_93,1,2025,"{""type"":""Point"",""coordinates"":[116.08173834773076,-8.612503059285908]}"
2_94,1,2025,"{""type"":""Point"",""coordinates"":[116.08585822077764,-8.613521411972517]}"
2_95,1,2025,"{""type"":""Point"",""coordinates"":[116.07538687678348,-8.612333333571602]}"
2_96,1,2025,"{""type"":""Point"",""coordinates"":[116.08620154353153,-8.62268646273784]}"
2_97,1,2025,"{""type"":""Point"",""coordinates"":[116.07847678156868,-8.621328691461322]}"
2_98,1,2025,"{""type"":""Point"",""coordinates"":[116.11452567072881,-8.568541559262497]}"
2_99,1,2025,"{""type"":""Point"",""coordinates"":[116.12534033747686,-8.574991827847143]}"
2_100,1,2025,"{""type"":""Point"",""coordinates"":[116.08067809932821,-8.616779844024455]}"
2_101,1,2025,"{""type"":""Point"",""coordinates"":[116.08222305172077,-8.622720128842145]}"
2_102,1,2025,"{""type"":""Point"",""coordinates"":[116.0861712633907,-8.624587056214084]}"
2_103,1,2025,"{""type"":""Point"",""coordinates"":[116.10522567623252,-8.591829629373358]}"
2_104,1,2025,"{""type"":""Point"",""coordinates"":[116.11483871334188,-8.592169099102561]}"
2_105,1,2025,"{""type"":""Point"",""coordinates"":[116.12513839595907,-8.582663831852864]}"
2_106,1,2025,"{""type"":""Point"",""coordinates"":[116.13904296749227,-8.586398072385068]}"
2_107,1,2025,"{""type"":""Point"",""coordinates"":[116.14899932735555,-8.577062402185845]}"
2_108,1,2025,"{""type"":""Point"",""coordinates"":[116.12273513668173,-8.571630633931758]}"
2_109,1,2025,"{""type"":""Point"",""coordinates"":[116.09732925289265,-8.56738701097401]}"
2_110,1,2025,"{""type"":""Point"",""coordinates"":[116.07638656490437,-8.56229460092249]}"
2_111,1,2025,"{""type"":""Point"",""coordinates"":[116.07278167598837,-8.587755968922874]}"
2_112,1,2025,"{""type"":""Point"",""coordinates"":[116.11157714717979,-8.620683470279387]}"
2_113,1,2025,"{""type"":""Point"",""coordinates"":[116.12359344356648,-8.617967908456237]}"
2_114,1,2025,"{""type"":""Point"",""coordinates"":[116.12153350704304,-8.616779844024455]}"
2_115,1,2025,"{""type"":""Point"",""coordinates"":[116.14350616329304,-8.612876177466987]}"
2_116,1,2025,"{""type"":""Point"",""coordinates"":[116.14865600460166,-8.60778437794024]}"
2_117,1,2025,"{""type"":""Point"",""coordinates"":[116.15123092525593,-8.601674128093952]}"
2_118,1,2025,"{""type"":""Point"",""coordinates"":[116.1568957506954,-8.600316281406398]}"
2_119,1,2025,"{""type"":""Point"",""coordinates"":[116.16221725338094,-8.599297893196793]}"
2_120,1,2025,"{""type"":""Point"",""coordinates"":[116.1333781420528,-8.585040170988027]}"
2_121,1,2025,"{""type"":""Point"",""coordinates"":[116.11827194088096,-8.587077021261429]}"
2_122,1,2025,"{""type"":""Point"",""coordinates"":[116.10934554927938,-8.58300330978299]}"
2_123,1,2025,"{""type"":""Point"",""coordinates"":[116.10265075557822,-8.5734978130263]}"
2_124,1,2025,"{""type"":""Point"",""coordinates"":[116.11569702022666,-8.576043951552728]}"
2_125,1,2025,"{""type"":""Point"",""coordinates"":[116.11277877681844,-8.570781913129435]}"
2_126,1,2025,"{""type"":""Point"",""coordinates"":[116.11501037471882,-8.559918119574592]}"
2_127,1,2025,"{""type"":""Point"",""coordinates"":[116.12754165523643,-8.567896248229548]}"
2_128,1,2025,"{""type"":""Point"",""coordinates"":[116.13440811031454,-8.56568954853116]}"
2_129,1,2025,"{""type"":""Point"",""coordinates"":[116.14436447017785,-8.574007042096428]}"
2_130,1,2025,"{""type"":""Point"",""coordinates"":[116.14522277706257,-8.578080850088519]}"
2_131,1,2025,"{""type"":""Point"",""coordinates"":[116.08462631099813,-8.569933190432318]}"
2_132,1,2025,"{""type"":""Point"",""coordinates"":[116.08977615230673,-8.570102935123314]}"
2_133,1,2025,"{""type"":""Point"",""coordinates"":[116.08994781368366,-8.563992078513492]}"
2_134,1,2025,"{""type"":""Point"",""coordinates"":[116.09423934810748,-8.56823573935442]}"
2_135,1,2025,"{""type"":""Point"",""coordinates"":[116.07827484005085,-8.560257617818484]}"
2_136,1,2025,"{""type"":""Point"",""coordinates"":[116.07140838497274,-8.558220623813474]}"
2_137,1,2025,"{""type"":""Point"",""coordinates"":[116.09441100948449,-8.557711373609221]}"
2_138,1,2025,"{""type"":""Point"",""coordinates"":[116.11037551754112,-8.602013589005303]}"
2_139,1,2025,"{""type"":""Point"",""coordinates"":[116.09235107296102,-8.611857823043394]}"
2_140,1,2025,"{""type"":""Point"",""coordinates"":[116.08805953853721,-8.60235304961241]}"
2_141,1,2025,"{""type"":""Point"",""coordinates"":[116.09149276607624,-8.603710888998226]}"
2_142,1,2025,"{""type"":""Point"",""coordinates"":[116.09114944332235,-8.625096216623378]}"
2_143,1,2025,"{""type"":""Point"",""coordinates"":[116.13715469234579,-8.612197274822515]}"
2_144,1,2025,"{""type"":""Point"",""coordinates"":[116.14796935909382,-8.611518370959677]}"
2_145,1,2025,"{""type"":""Point"",""coordinates"":[116.10831558101765,-8.587755968922872]}"
2_146,1,2025,"{""type"":""Point"",""coordinates"":[116.09698593013879,-8.586737546975101]}"
2_147,1,2025,"{""type"":""Point"",""coordinates"":[116.08205139034382,-8.579438776377513]}"
2_148,1,2025,"{""type"":""Point"",""coordinates"":[116.08823119991413,-8.58758623212142]}"
2_149,1,2025,"{""type"":""Point"",""coordinates"":[116.09990417354695,-8.580796697811081]}"
2_150,1,2025,"{""type"":""Point"",""coordinates"":[116.1064273058712,-8.576892660603269]}"
2_151,1,2025,"{""type"":""Point"",""coordinates"":[116.12033187740437,-8.575025498189476]}"
2_152,1,2025,"{""type"":""Point"",""coordinates"":[116.10677062862506,-8.564331573122942]}"
2_153,1,2025,"{""type"":""Point"",""coordinates"":[116.14075958126179,-8.577401885123464]}"
2_154,1,2025,"{""type"":""Point"",""coordinates"":[116.15329086177937,-8.59149015934027]}"
2_155,1,2025,"{""type"":""Point"",""coordinates"":[116.15758239620322,-8.600995205358585]}"
2_156,1,2025,"{""type"":""Point"",""coordinates"":[116.08273803585166,-8.598788698065485]}"
2_157,1,2025,"{""type"":""Point"",""coordinates"":[116.07415496700398,-8.60235304961241]}"
2_158,1,2025,"{""type"":""Point"",""coordinates"":[116.12153350704304,-8.580117737701269]}"
2_159,1,2025,"{""type"":""Point"",""coordinates"":[116.12754165523643,-8.58300330978299]}"
3_0,0,2025,"{""type"":""Point"",""coordinates"":[116.08774649592415,-8.58975913558421]}"
3_1,0,2025,"{""type"":""Point"",""coordinates"":[116.08208167048465,-8.596548509493223]}"
3_2,0,2025,"{""type"":""Point"",""coordinates"":[116.08568655940066,-8.616406729694596]}"
3_3,0,2025,"{""type"":""Point"",""coordinates"":[116.07882010432255,-8.617934241928609]}"
3_4,0,2025,"{""type"":""Point"",""coordinates"":[116.07727515193,-8.622177299080883]}"
3_5,0,2025,"{""type"":""Point"",""coordinates"":[116.11624228449833,-8.616237005732103]}"
3_6,0,2025,"{""type"":""Point"",""coordinates"":[116.11366736384403,-8.613521411972517]}"
3_7,0,2025,"{""type"":""Point"",""coordinates"":[116.12877356501593,-8.612672784924056]}"
3_8,0,2025,"{""type"":""Point"",""coordinates"":[116.12894522639286,-8.604695597636848]}"
3_9,0,2025,"{""type"":""Point"",""coordinates"":[116.13787161799442,-8.605374513738436]}"
3_10,0,2025,"{""type"":""Point"",""coordinates"":[116.13512503596321,-8.597566905092092]}"
3_11,0,2025,"{""type"":""Point"",""coordinates"":[116.12963187190067,-8.588401246216163]}"
3_12,0,2025,"{""type"":""Point"",""coordinates"":[116.12001883479131,-8.588740719013868]}"
3_13,0,2025,"{""type"":""Point"",""coordinates"":[116.12104880305301,-8.576689248752924]}"
3_14,0,2025,"{""type"":""Point"",""coordinates"":[116.12242209406864,-8.583818333720293]}"
3_15,0,2025,"{""type"":""Point"",""coordinates"":[116.12808691950809,-8.576519507003612]}"
3_16,0,2025,"{""type"":""Point"",""coordinates"":[116.13272177668586,-8.568371813874478]}"
3_17,0,2025,"{""type"":""Point"",""coordinates"":[116.14422308894173,-8.5768589904264]}"
3_18,0,2025,"{""type"":""Point"",""coordinates"":[116.14387976618778,-8.58347885651904]}"
3_19,0,2025,"{""type"":""Point"",""coordinates"":[116.13855826350223,-8.579065625279169]}"
3_20,0,2025,"{""type"":""Point"",""coordinates"":[116.1442230889417,-8.594681443788339]}"
3_21,0,2025,"{""type"":""Point"",""coordinates"":[116.13890158625613,-8.59383277451887]}"
3_22,0,2025,"{""type"":""Point"",""coordinates"":[116.14164816828743,-8.58670387767131]}"
3_23,0,2025,"{""type"":""Point"",""coordinates"":[116.1560677239515,-8.597057707634745]}"
3_24,0,2025,"{""type"":""Point"",""coordinates"":[116.16035925837528,-8.593153837735455]}"
3_25,0,2025,"{""type"":""Point"",""coordinates"":[116.16688239069953,-8.59247489973631]}"
3_26,0,2025,"{""type"":""Point"",""coordinates"":[116.16001593562142,-8.601470729531815]}"
3_27,0,2025,"{""type"":""Point"",""coordinates"":[116.15417944880498,-8.605544242573618]}"
3_28,0,2025,"{""type"":""Point"",""coordinates"":[116.15160452815068,-8.6091085305334]}"
3_29,0,2025,"{""type"":""Point"",""coordinates"":[116.15023123713506,-8.611824155971817]}"
3_30,0,2025,"{""type"":""Point"",""coordinates"":[116.1452530572034,-8.60673234228929]}"
3_31,0,2025,"{""type"":""Point"",""coordinates"":[116.09564291926397,-8.578216921083646]}"
3_32,0,2025,"{""type"":""Point"",""coordinates"":[116.0980461785413,-8.580253807966619]}"
3_33,0,2025,"{""type"":""Point"",""coordinates"":[116.10062109919559,-8.587552562892931]}"
3_34,0,2025,"{""type"":""Point"",""coordinates"":[116.09392630549442,-8.599603688079183]}"
3_35,0,2025,"{""type"":""Point"",""coordinates"":[116.0958145806409,-8.598585297954187]}"
3_36,0,2025,"{""type"":""Point"",""coordinates"":[116.10748755427373,-8.59671824228308]}"
3_37,0,2025,"{""type"":""Point"",""coordinates"":[116.10439764948856,-8.593663040436994]}"
3_38,0,2025,"{""type"":""Point"",""coordinates"":[116.11401068659795,-8.596378776627363]}"
3_39,0,2025,"{""type"":""Point"",""coordinates"":[116.11418234797492,-8.600112882115171]}"
3_40,0,2025,"{""type"":""Point"",""coordinates"":[116.10868918391238,-8.607071798666029]}"
3_41,0,2025,"{""type"":""Point"",""coordinates"":[116.10594260188114,-8.615727833387536]}"
3_42,0,2025,"{""type"":""Point"",""coordinates"":[116.10371100398078,-8.608429621128751]}"
3_43,0,2025,"{""type"":""Point"",""coordinates"":[116.1002777764417,-8.613521411972517]}"
3_44,0,2025,"{""type"":""Point"",""coordinates"":[116.07452856989873,-8.58958939967904]}"
3_45,0,2025,"{""type"":""Point"",""coordinates"":[116.0779617974378,-8.598076101865255]}"
3_46,0,2025,"{""type"":""Point"",""coordinates"":[116.07315527888308,-8.565995370486636]}"
3_47,0,2025,"{""type"":""Point"",""coordinates"":[116.08328330012333,-8.57227593862629]}"
3_48,0,2025,"{""type"":""Point"",""coordinates"":[116.08465659113895,-8.562600425606893]}"
3_49,0,2025,"{""type"":""Point"",""coordinates"":[116.07126700373662,-8.556319697739642]}"
3_50,0,2025,"{""type"":""Point"",""coordinates"":[116.11006247492803,-8.5614121877427]}"
3_51,0,2025,"{""type"":""Point"",""coordinates"":[116.1126373955823,-8.560733193011755]}"
3_52,0,2025,"{""type"":""Point"",""coordinates"":[116.10800253840456,-8.567862577255735]}"
3_53,0,2025,"{""type"":""Point"",""coordinates"":[116.11195075007448,-8.574482600096689]}"
3_54,0,2025,"{""type"":""Point"",""coordinates"":[116.10731589289675,-8.577368214991731]}"
3_55,0,2025,"{""type"":""Point"",""coordinates"":[116.11074912043584,-8.587552562892931]}"
3_56,0,2025,"{""type"":""Point"",""coordinates"":[116.11933218928353,-8.591795960521535]}"
3_57,0,2025,"{""type"":""Point"",""coordinates"":[116.09856116267218,-8.614370037117023]}"
3_58,0,2025,"{""type"":""Point"",""coordinates"":[116.10199439021122,-8.620480081936138]}"
3_59,0,2025,"{""type"":""Point"",""coordinates"":[116.09426962824837,-8.621837856261742]}"
3_60,0,2025,"{""type"":""Point"",""coordinates"":[116.08946310969367,-8.620649803993622]}"
3_61,0,2025,"{""type"":""Point"",""coordinates"":[116.08774649592415,-8.591117020091184]}"
3_62,0,2025,"{""type"":""Point"",""coordinates"":[116.08723151179325,-8.574991827847143]}"
3_63,0,2025,"{""type"":""Point"",""coordinates"":[116.09959113093392,-8.567862577255735]}"
3_64,0,2025,"{""type"":""Point"",""coordinates"":[116.10697257014286,-8.569050794971982]}"
3_65,0,2025,"{""type"":""Point"",""coordinates"":[116.12808691950809,-8.570408753529607]}"
3_66,0,2025,"{""type"":""Point"",""coordinates"":[116.12980353327764,-8.590947284793693]}"
3_67,0,2025,"{""type"":""Point"",""coordinates"":[116.14714133234992,-8.594851177414265]}"
3_68,0,2025,"{""type"":""Point"",""coordinates"":[116.15520941706671,-8.585176239489034]}"
3_69,0,2025,"{""type"":""Point"",""coordinates"":[116.15314948054325,-8.59383277451887]}"
3_70,0,2025,"{""type"":""Point"",""coordinates"":[116.16928564997686,-8.59247489973631]}"
3_71,0,2025,"{""type"":""Point"",""coordinates"":[116.13598334284794,-8.60893880329642]}"
3_72,0,2025,"{""type"":""Point"",""coordinates"":[116.12637030573858,-8.602828572080924]}"
3_73,0,2025,"{""type"":""Point"",""coordinates"":[116.09169470759407,-8.608259893587293]}"
3_74,0,2025,"{""type"":""Point"",""coordinates"":[116.0874031731702,-8.608599348594092]}"
3_75,0,2025,"{""type"":""Point"",""coordinates"":[116.07847678156868,-8.611314977686737]}"
3_76,0,2025,"{""type"":""Point"",""coordinates"":[116.07779013606084,-8.601470729531815]}"
3_77,0,2025,"{""type"":""Point"",""coordinates"":[116.08585822077764,-8.600961537320947]}"
3_78,0,2025,"{""type"":""Point"",""coordinates"":[116.07693182917606,-8.581781465958978]}"
3_79,0,2025,"{""type"":""Point"",""coordinates"":[116.07212531062137,-8.576349765178472]}"
3_80,0,2025,"{""type"":""Point"",""coordinates"":[116.07761847468387,-8.565655877361985]}"
3_81,0,2025,"{""type"":""Point"",""coordinates"":[116.10096442194951,-8.589928871413441]}"
3_82,0,2025,"{""type"":""Point"",""coordinates"":[116.12740027400031,-8.592984103349648]}"
3_83,0,2025,"{""type"":""Point"",""coordinates"":[116.12225043269171,-8.592135430280877]}"
3_84,0,2025,"{""type"":""Point"",""coordinates"":[116.08414160700809,-8.589589399679038]}"
3_85,0,2025,"{""type"":""Point"",""coordinates"":[116.07676016779911,-8.571596963288657]}"
3_86,0,2025,"{""type"":""Point"",""coordinates"":[116.09495627375615,-8.58347885651904]}"
3_87,0,2025,"{""type"":""Point"",""coordinates"":[116.11692893000617,-8.578726143828538]}"
3_88,0,2025,"{""type"":""Point"",""coordinates"":[116.10319601984989,-8.598245833970935]}"
3_89,0,2025,"{""type"":""Point"",""coordinates"":[116.11040579768195,-8.597227440196543]}"
3_90,0,2025,"{""type"":""Point"",""coordinates"":[116.11469733210576,-8.605374513738436]}"
3_91,0,2025,"{""type"":""Point"",""coordinates"":[116.10851752253544,-8.616406729694598]}"
3_92,0,2025,"{""type"":""Point"",""coordinates"":[116.10353934260384,-8.60045234442563]}"
3_93,0,2025,"{""type"":""Point"",""coordinates"":[116.09735953303348,-8.584327548952883]}"
3_94,0,2025,"{""type"":""Point"",""coordinates"":[116.08002173396125,-8.570239008975149]}"
3_95,0,2025,"{""type"":""Point"",""coordinates"":[116.07315527888308,-8.568032322871074]}"
3_96,0,2025,"{""type"":""Point"",""coordinates"":[116.15932929011358,-8.595190644438087]}"
3_97,0,2025,"{""type"":""Point"",""coordinates"":[116.14559637995733,-8.598415566000561]}"
3_98,0,2025,"{""type"":""Point"",""coordinates"":[116.14233481379522,-8.601979921058179]}"
3_99,0,2025,"{""type"":""Point"",""coordinates"":[116.14284979792605,-8.608769075983318]}"
3_100,0,2025,"{""type"":""Point"",""coordinates"":[116.13169180842412,-8.607750710506254]}"
3_101,0,2025,"{""type"":""Point"",""coordinates"":[116.07535659664266,-8.574686013128419]}"
3_102,0,2025,"{""type"":""Point"",""coordinates"":[116.08325301998251,-8.625265936607292]}"
3_103,0,2025,"{""type"":""Point"",""coordinates"":[116.08050643795126,-8.580966437648843]}"
3_104,0,2025,"{""type"":""Point"",""coordinates"":[116.08016311519737,-8.563822331095169]}"
3_105,0,2025,"{""type"":""Point"",""coordinates"":[116.11792861812701,-8.560427366826868]}"
3_106,0,2025,"{""type"":""Point"",""coordinates"":[116.1223918139278,-8.563822331095169]}"
3_107,0,2025,"{""type"":""Point"",""coordinates"":[116.13732635372273,-8.569254210910485]}"
3_108,0,2025,"{""type"":""Point"",""coordinates"":[116.14728271358601,-8.601164936156497]}"
3_109,0,2025,"{""type"":""Point"",""coordinates"":[116.15174590938679,-8.598958429851953]}"
3_110,0,2025,"{""type"":""Point"",""coordinates"":[116.15020095699423,-8.59047174741776]}"
3_111,0,2025,"{""type"":""Point"",""coordinates"":[116.12822830074421,-8.57774136775769]}"
3_112,0,2025,"{""type"":""Point"",""coordinates"":[116.1004191576778,-8.57842033211591]}"
3_113,0,2025,"{""type"":""Point"",""coordinates"":[116.09887420528524,-8.573158326600495]}"
3_114,0,2025,"{""type"":""Point"",""coordinates"":[116.09286605709187,-8.575704467401643]}"
3_115,0,2025,"{""type"":""Point"",""coordinates"":[116.08805953853718,-8.583682264732468]}"
3_116,0,2025,"{""type"":""Point"",""coordinates"":[116.0894328295528,-8.59149015934027]}"
3_117,0,2025,"{""type"":""Point"",""coordinates"":[116.09320937984577,-8.601674128093952]}"
3_118,0,2025,"{""type"":""Point"",""coordinates"":[116.08634292476764,-8.602692509915261]}"
3_119,0,2025,"{""type"":""Point"",""coordinates"":[116.08205139034382,-8.602013589005303]}"
3_120,0,2025,"{""type"":""Point"",""coordinates"":[116.07758819454307,-8.583852003280084]}"
3_121,0,2025,"{""type"":""Point"",""coordinates"":[116.08599960201374,-8.56721726507062]}"
3_122,0,2025,"{""type"":""Point"",""coordinates"":[116.09423934810748,-8.562973592867595]}"
3_123,0,2025,"{""type"":""Point"",""coordinates"":[116.09612762325399,-8.56551980187023]}"
3_124,0,2025,"{""type"":""Point"",""coordinates"":[116.11415206783407,-8.616779844024455]}"
3_125,0,2025,"{""type"":""Point"",""coordinates"":[116.11535369747277,-8.619834859305412]}"
3_126,0,2025,"{""type"":""Point"",""coordinates"":[116.13063156002157,-8.61576150011163]}"
3_127,0,2025,"{""type"":""Point"",""coordinates"":[116.13423644893757,-8.615252327126807]}"
3_128,0,2025,"{""type"":""Point"",""coordinates"":[116.14711105220906,-8.605577910203841]}"
3_129,0,2025,"{""type"":""Point"",""coordinates"":[116.15809738033407,-8.596921643396518]}"
3_130,0,2025,"{""type"":""Point"",""coordinates"":[116.16410552852746,-8.593866443189834]}"
3_131,0,2025,"{""type"":""Point"",""coordinates"":[116.13200485103718,-8.58300330978299]}"
3_132,0,2025,"{""type"":""Point"",""coordinates"":[116.12016021602741,-8.57774136775769]}"
3_133,0,2025,"{""type"":""Point"",""coordinates"":[116.11844360225791,-8.57213986550358]}"
3_134,0,2025,"{""type"":""Point"",""coordinates"":[116.11483871334188,-8.562973592867595]}"
3_135,0,2025,"{""type"":""Point"",""coordinates"":[116.10677062862506,-8.57842033211591]}"
3_136,0,2025,"{""type"":""Point"",""coordinates"":[116.0884028612911,-8.577232143692575]}"
3_137,0,2025,"{""type"":""Point"",""coordinates"":[116.10762893550987,-8.598958429851953]}"
3_138,0,2025,"{""type"":""Point"",""coordinates"":[116.11020385616415,-8.60778437794024]}"
3_139,0,2025,"{""type"":""Point"",""coordinates"":[116.11895858638874,-8.61151837095968]}"
3_140,0,2025,"{""type"":""Point"",""coordinates"":[116.12462341182821,-8.614912878089388]}"
3_141,0,2025,"{""type"":""Point"",""coordinates"":[116.12616836422077,-8.617119291385913]}"
3_142,0,2025,"{""type"":""Point"",""coordinates"":[116.11432372921101,-8.57994799748413]}"
3_143,0,2025,"{""type"":""Point"",""coordinates"":[116.09921752803913,-8.601164936156497]}"
3_144,0,2025,"{""type"":""Point"",""coordinates"":[116.09372436397665,-8.590302011831485]}"
3_145,0,2025,"{""type"":""Point"",""coordinates"":[116.09870254390827,-8.590811218362457]}"
3_146,0,2025,"{""type"":""Point"",""coordinates"":[116.08256637447472,-8.576383435400455]}"
3_147,0,2025,"{""type"":""Point"",""coordinates"":[116.08445464962118,-8.572988583273853]}"
3_148,0,2025,"{""type"":""Point"",""coordinates"":[116.07278167598837,-8.560087868734394]}"
3_149,0,2025,"{""type"":""Point"",""coordinates"":[116.10385238521687,-8.564161825856075]}"
3_150,0,2025,"{""type"":""Point"",""coordinates"":[116.10900222652546,-8.569084465840582]}"
3_151,0,2025,"{""type"":""Point"",""coordinates"":[116.08290969722859,-8.58300330978299]}"
3_152,0,2025,"{""type"":""Point"",""coordinates"":[116.08599960201374,-8.575704467401643]}"
3_153,0,2025,"{""type"":""Point"",""coordinates"":[116.0786181628048,-8.586398072385068]}"
3_154,0,2025,"{""type"":""Point"",""coordinates"":[116.07449828975787,-8.578929554588091]}"
3_155,0,2025,"{""type"":""Point"",""coordinates"":[116.07398330562704,-8.600146550228228]}"
3_156,0,2025,"{""type"":""Point"",""coordinates"":[116.07466995113485,-8.607105466160391]}"
3_157,0,2025,"{""type"":""Point"",""coordinates"":[116.07466995113485,-8.614064254162894]}"
3_158,0,2025,"{""type"":""Point"",""coordinates"":[116.08960449092977,-8.623059570868698]}"
3_159,0,2025,"{""type"":""Point"",""coordinates"":[116.10574066036335,-8.583852003280084]}"
